8,Mental Demand,Physical Demand,Temporal Demand,Performance,Effort,Frustration
P1,18,17,18,16,17,17
P2,21,6,16,16,18,19
P3,20,5,13,19,18,14
P4,11,6,8,12,10,9
P5,19,9,8,10,16,13
P6,6,1,1,5,14,11
P7,14,2,12,18,5,1
P8,15,8,8,16,6,9
P9,14,9,11,9,15,16
P10,20,10,10,6,15,20
P11,17,3,4,18,19,19
P12,9,1,1,14,18,21
,,,,,,
,,,,,,
,,,,,,
,,,,,,
,,,,,,
4S,Mental Demand,Physical Demand,Temporal Demand,Performance,Effort,Frustration
P1,16,13,12,14,11,16
P2,13,17,4,5,11,4
P3,15,2,12,8,12,7
P4,8,2,4,2,3,5
P5,16,7,4,1,6,1
P6,11,1,1,11,1,1
P7,8,2,9,5,7,5
P8,5,5,5,5,4,4
P9,4,4,4,4,4,4
P10,13,7,13,12,12,17
P11,5,3,3,11,4,5
P12,9,1,1,1,6,2
,,,,,,
,,,,,,
,,,,,,
,,,,,,
,,,,,,
4D,Mental Demand,Physical Demand,Temporal Demand,Performance,Effort,Frustration
P1,8,7,8,8,7,9
P2,13,8,7,2,4,3
P3,8,4,8,5,5,7
P4,6,2,2,1,2,3
P5,15,6,4,1,6,1
P6,1,7,1,1,1,11
P7,6,2,5,8,3,2
P8,7,7,7,10,8,5
P9,7,7,7,14,7,7
P10,9,9,9,17,10,10
P11,17,2,9,3,13,3
P12,5,1,1,1,3,2